<?xml version="1.0" encoding="utf-8"?>
<resources>
    <style name="Theme.AppCompat.DayNight" parent="Theme.AppCompat"/>
    <style name="Theme.AppCompat.DayNight.DarkActionBar" parent="Theme.AppCompat"/>
    <style name="Theme.AppCompat.DayNight.Dialog" parent="Theme.AppCompat.Dialog"/>
    <style name="Theme.AppCompat.DayNight.Dialog.Alert" parent="Theme.AppCompat.Dialog.Alert"/>
    <style name="Theme.AppCompat.DayNight.Dialog.MinWidth" parent="Theme.AppCompat.Dialog.MinWidth"/>
    <style name="Theme.AppCompat.DayNight.DialogWhenLarge" parent="Theme.AppCompat.DialogWhenLarge"/>
    <style name="Theme.AppCompat.DayNight.NoActionBar" parent="Theme.AppCompat.NoActionBar"/>
    <style name="Theme.Przepisy158329" parent="Theme.AppCompat.Light.DarkActionBar">
        <!-- Primary brand color. -->
        <item name="colorPrimary">@color/purple_200</item>
        <item name="colorPrimaryDark">@color/purple_700</item>
        <item name="colorAccent">@color/teal_200</item>
        <!-- Customize your theme here. -->
    </style>
</resources>